Word,RecordCount,TotalOccurrences,FirstLetter
"ROBERT",49,100,"R"
"DAVID",44,84,"D"
"JOHN",39,78,"J"
"SUSAN",38,78,"S"
"MICHAEL",38,76,"M"
"MARY",36,71,"M"
"PETER",36,70,"P"
"JAMES",35,70,"J"
"WILLIAM",29,57,"W"
"THOMAS",24,49,"T"
"ELIZABETH",24,47,"E"
"LINDA",21,42,"L"
"JANE",21,42,"J"
"JOSEPH",21,40,"J"
"RICHARD",20,41,"R"
"CHARLES",19,39,"C"
"CAROL",19,38,"C"
"BARBARA",19,36,"B"
"PAUL",19,35,"P"
"PATRICIA",18,36,"P"
"ANN",17,35,"A"
"KENNETH",17,35,"K"
"MARTIN",15,38,"M"
"MARK",15,30,"M"
"NANCY",15,28,"N"
"ANNE",14,28,"A"
"CHRISTOPHER",13,24,"C"
"JENNIFER",12,25,"J"
"LAWRENCE",12,25,"L"
"CATHERINE",12,23,"C"
"JOAN",12,23,"J"
"HELEN",11,22,"H"
"DIANE",11,22,"D"
"MARTHA",11,20,"M"
"SMITH",10,28,"S"
"NELSON",10,25,"N"
"STEPHEN",10,23,"S"
"NEIL",10,22,"N"
"DONALD",10,21,"D"
"KAREN",10,21,"K"
"KEITH",10,20,"K"
"SANDRA",10,20,"S"
"FRANK",10,20,"F"
"MARGARET",10,20,"M"
"RUTH",10,20,"R"
"KATHLEEN",10,20,"K"
"HENRY",10,20,"H"
"BRIAN",10,19,"B"
"LAURA",10,19,"L"
"JUDITH",10,19,"J"
"MARILYN",10,18,"M"
"LYNN",10,17,"L"
"MURPHY",9,24,"M"
"ANDERSON",9,22,"A"
"LESLIE",9,18,"L"
"JONATHAN",9,18,"J"
"ANDREW",9,18,"A"
"CAROLYN",9,18,"C"
"SHARON",9,18,"S"
"DANIEL",9,18,"D"
"KATHERINE",9,18,"K"
"LEE",9,18,"L"
"MITCHELL",9,17,"M"
"ANTHONY",9,17,"A"
"MILLER",8,23,"M"
"KELLY",8,18,"K"
"LEWIS",8,18,"L"
"KEVIN",8,17,"K"
"ERIC",8,16,"E"
"ELLEN",8,16,"E"
"SAM",8,16,"S"
"ROBERTA",8,16,"R"
"PAMELA",8,16,"P"
"FAMILY",8,12,"F"
"WILSON",7,18,"W"
"DAVIS",7,17,"D"
"SCOTT",7,16,"S"
"WENDY",7,15,"W"
"JULIE",7,15,"J"
"ARNOLD",7,15,"A"
"MARIE",7,14,"M"
"DENNIS",7,14,"D"
"SARAH",7,14,"S"
"DONNA",7,14,"D"
"KIM",7,14,"K"
"ALAN",7,14,"A"
"LISA",7,14,"L"
"DUPONT",7,14,"D"
"SALLY",7,13,"S"
"SUE",7,13,"S"
"PETERSON",6,17,"P"
"DOYLE",6,16,"D"
"LANG",6,16,"L"
"POMEROY",6,14,"P"
"JANET",6,14,"J"
"SHERMAN",6,14,"S"
"MATTHEW",6,13,"M"
"CHRISTINE",6,13,"C"
"WALTER",6,12,"W"
"PATRICK",6,12,"P"
"ED",6,12,"E"
"LARRY",6,12,"L"
"EDWARD",6,12,"E"
"GILLIAN",6,12,"G"
"STEPHANIE",6,12,"S"
"BRUCE",6,12,"B"
"DOUGLAS",6,11,"D"
"KATHRYN",6,11,"K"
"RONALD",6,11,"R"
"BETH",6,11,"B"
"DEAN",6,11,"D"
"PHILLIPS",6,11,"P"
"TRICIA",6,10,"T"
"MARION",6,10,"M"
"DR",6,10,"D"
"LLC",6,10,"L"
"JACK",6,8,"J"
"AND",6,6,"A"
"HARTNETT",5,15,"H"
"FOLEY",5,14,"F"
"FOX",5,14,"F"
"BROTHERHOOD",5,14,"B"
"TAYLOR",5,13,"T"
"RISOM",5,12,"R"
"CORCORAN",5,12,"C"
"SEAN",5,11,"S"
"GEORGE",5,10,"G"
"DOUG",5,10,"D"
"CANDACE",5,10,"C"
"GREG",5,10,"G"
"CAREN",5,10,"C"
"GORDON",5,10,"G"
"STEVEN",5,10,"S"
"KIMBERLY",5,10,"K"
"CAROLINE",5,10,"C"
"BILL",5,10,"B"
"ERIN",5,10,"E"
"LILLIAN",5,10,"L"
"FORD",5,10,"F"
"EILEEN",5,10,"E"
"CELIA",5,10,"C"
"TONY",5,10,"T"
"CHRIS",5,10,"C"
"REBECCA",5,10,"R"
"ALISON",5,10,"A"
"SIMON",5,10,"S"
"ROSS",5,10,"R"
"JOYCE",5,10,"J"
"BARRY",5,10,"B"
"JR",5,10,"J"
"DEBORAH",5,9,"D"
"LORI",5,9,"L"
"JEAN",5,9,"J"
"JIM",5,9,"J"
"TOM",5,8,"T"
"CARMEN",5,8,"C"
"PAT",5,8,"P"
"TRUST",5,7,"T"
"PIO",4,12,"P"
"GREENMAN",4,11,"G"
"COSTA",4,11,"C"
"BACON",4,10,"B"
"GRAHAM",4,10,"G"
"JACOBSON",4,10,"J"
"LOYA",4,10,"L"
"RUSSO",4,10,"R"
"BRIEN",4,10,"B"
"MCCOLLAM",4,10,"M"
"LITTLEFIELD",4,10,"L"
"KNAPP",4,10,"K"
"CASAZZA",4,10,"C"
"DEVOLL",4,10,"D"
"MCMELLON",4,10,"M"
"RICH",4,10,"R"
"HALL",4,10,"H"
"GREGORY",4,9,"G"
"SITBON",4,9,"S"
"ROBISON",4,9,"R"
"GREENBERG",4,9,"G"
"KING",4,9,"K"
"PHILIP",4,9,"P"
"PRISCILLA",4,9,"P"
"JOE",4,8,"J"
"ERICA",4,8,"E"
"BOB",4,8,"B"
"GAIL",4,8,"G"
"KRISTIN",4,8,"K"
"LORRAINE",4,8,"L"
"BEN",4,8,"B"
"HARVEY",4,8,"H"
"FRANCES",4,8,"F"
"WARFEL",4,8,"W"
"MICHELLE",4,8,"M"
"HAROLD",4,8,"H"
"CARRIE",4,8,"C"
"RACHEL",4,8,"R"
"KATE",4,8,"K"
"SAMUEL",4,8,"S"
"JENNA",4,8,"J"
"LLOYD",4,8,"L"
"DOTTIE",4,8,"D"
"TIMOTHY",4,8,"T"
"VICTORIA",4,8,"V"
"JOANNE",4,8,"J"
"LOGAN",4,8,"L"
"CINDY",4,8,"C"
"JUNE",4,8,"J"
"KARLA",4,8,"K"
"RON",4,8,"R"
"JASON",4,8,"J"
"GRAY",4,8,"G"
"FRANCIS",4,8,"F"
"ROSEMARIE",4,8,"R"
"MONROE",4,8,"M"
"CONSTANCE",4,8,"C"
"IRENE",4,8,"I"
"BROWN",4,8,"B"
"WALSH",4,8,"W"
"DANA",4,7,"D"
"EDWARDS",4,7,"E"
"CLAIRE",4,7,"C"
"CARL",4,7,"C"
"WILLIAMS",4,7,"W"
"DON",4,6,"D"
"CHARLIE",4,4,"C"
"WEINSTEIN",3,9,"W"
"STOVER",3,9,"S"
"CHENOT",3,8,"C"
"VAN",3,8,"V"
"GETSCHOW",3,8,"G"
"BERRY",3,8,"B"
"VALENTINE",3,8,"V"
"MOSS",3,8,"M"
"JOHNSON",3,8,"J"
"HACKSTAFF",3,8,"H"
"HUNTINGTON",3,8,"H"
"HINTHORN",3,8,"H"
"GILBERT",3,8,"G"
"DELANEY",3,8,"D"
"DUFF",3,8,"D"
"CURTISS",3,8,"C"
"COSTELLO",3,8,"C"
"BALLARD",3,8,"B"
"WADSWORTH",3,8,"W"
"POWERS",3,8,"P"
"MORRIS",3,8,"M"
"MELLOR",3,8,"M"
"HOWE",3,8,"H"
"MINADEO",3,8,"M"
"HILL",3,8,"H"
"RYAN",3,8,"R"
"MARINO",3,8,"M"
"LEARY",3,8,"L"
"LICHT",3,8,"L"
"SHEA",3,8,"S"
"COMINGS",3,8,"C"
"HEINEMAN",3,8,"H"
"OLSON",3,8,"O"
"BENJAMIN",3,8,"B"
"KAHN",3,8,"K"
"MOYNAHAN",3,8,"M"
"SCHROEDER",3,8,"S"
"HOROWITZ",3,7,"H"
"GRETCHEN",3,7,"G"
"BOEHM",3,7,"B"
"DIANA",3,7,"D"
"CLIFFORD",3,7,"C"
"HAYES",3,7,"H"
"ALLAN",3,7,"A"
"BEAUREGARD",3,7,"B"
"LOUISE",3,6,"L"
"KAUFMANN",3,6,"K"
"SAWYER",3,6,"S"
"BETSY",3,6,"B"
"ROBERTS",3,6,"R"
"ANDREA",3,6,"A"
"MAURICE",3,6,"M"
"DOROTHY",3,6,"D"
"KRISTEN",3,6,"K"
"DIANNE",3,6,"D"
"POLLY",3,6,"P"
"PAM",3,6,"P"
"GRACE",3,6,"G"
"CLARK",3,6,"C"
"KURT",3,6,"K"
"GERARD",3,6,"G"
"DARROW",3,6,"D"
"ROGER",3,6,"R"
"CRAIG",3,6,"C"
"SHIRLEY",3,6,"S"
"ARLENE",3,6,"A"
"BETTY",3,6,"B"
"JUSTIN",3,6,"J"
"JEFFREY",3,6,"J"
"NICHOLAS",3,6,"N"
"TINA",3,6,"T"
"MELISSA",3,6,"M"
"MICHELE",3,6,"M"
"ROBIN",3,6,"R"
"SHELLEY",3,6,"S"
"MORAN",3,6,"M"
"HEIDI",3,6,"H"
"AARON",3,6,"A"
"FIORATO",3,6,"F"
"SUZANNE",3,6,"S"
"SHERRY",3,6,"S"
"BAYARD",3,6,"B"
"MAURA",3,6,"M"
"NORMAN",3,6,"N"
"MAUREEN",3,6,"M"
"JAN",3,6,"J"
"UNKNOWN",3,6,"U"
"KEMPF",3,6,"K"
"MCMANUS",3,6,"M"
"WOOD",3,6,"W"
"GERTRUDE",3,5,"G"
"CARLA",3,5,"C"
"STEVE",3,5,"S"
"TERESA",3,5,"T"
"DONNELLY",3,5,"D"
"AMY",3,5,"A"
"SARA",3,5,"S"
"MARCIA",3,5,"M"
"SPINNLER",3,5,"S"
"PASTERNAK",3,5,"P"
"JO",3,4,"J"
"SHEDD",2,8,"S"
"LITTLE",2,7,"L"
"MACGILL",2,6,"M"
"MCGUIRK",2,6,"M"
"GILPIN",2,6,"G"
"HERRINGTON",2,6,"H"
"PIERCE",2,6,"P"
"GIBBONS",2,6,"G"
"SAVAGE",2,6,"S"
"RIPER",2,6,"R"
"CHEHEBAR",2,6,"C"
"DARLING",2,6,"D"
"JONES",2,6,"J"
"CRARY",2,6,"C"
"CROWLEY",2,6,"C"
"DELIA",2,6,"D"
"WUJEK",2,6,"W"
"SHUST",2,6,"S"
"KORST",2,6,"K"
"KLING",2,6,"K"
"HIZA",2,6,"H"
"JOKL",2,6,"J"
"KEITER",2,6,"K"
"ZELITCH",2,6,"Z"
"WRONOWSKI",2,6,"W"
"SHEPHERD",2,6,"S"
"SYPHER",2,6,"S"
"SILVERMAN",2,6,"S"
"ROSENFELD",2,6,"R"
"RECORD",2,6,"R"
"RULE",2,6,"R"
"REDLICH",2,6,"R"
"PURSEL",2,6,"P"
"PREISER",2,6,"P"
"MILLS",2,6,"M"
"NOONAN",2,6,"N"
"MALONE",2,6,"M"
"MCCAFFREY",2,6,"M"
"MCKERNAN",2,6,"M"
"MARSHALL",2,6,"M"
"MCPHEE",2,6,"M"
"MARTY",2,6,"M"
"LAPHAM",2,6,"L"
"LARRABEE",2,6,"L"
"LACOSTE",2,6,"L"
"KOOPMAN",2,6,"K"
"KERN",2,6,"K"
"HOLDRIDGE",2,6,"H"
"HARRIS",2,6,"H"
"HEINRICH",2,6,"H"
"GETI",2,6,"G"
"GASNER",2,6,"G"
"GILLARD",2,6,"G"
"FILLION",2,6,"F"
"FISCHBURG",2,6,"F"
"EMANUEL",2,6,"E"
"BOSTON",2,6,"B"
"DEVANNEY",2,6,"D"
"DOYON",2,6,"D"
"CITRONE",2,6,"C"
"CASHMAN",2,6,"C"
"COLLINS",2,6,"C"
"CHASSE",2,6,"C"
"COREY",2,6,"C"
"CUDD",2,6,"C"
"CARBONE",2,6,"C"
"CLAYTON",2,6,"C"
"CERULLI",2,6,"C"
"CLOSSET",2,6,"C"
"CALGER",2,6,"C"
"BIRD",2,6,"B"
"BULL",2,6,"B"
"BREAULT",2,6,"B"
"BRAND",2,6,"B"
"BEEBE",2,6,"B"
"BRESOLIN",2,6,"B"
"ASHER",2,6,"A"
"ALPERT",2,6,"A"
"WOHLBERG",2,6,"W"
"WILEY",2,6,"W"
"WEISBROAT",2,6,"W"
"WAXMAN",2,6,"W"
"WALKEN",2,6,"W"
"SAXON",2,6,"S"
"TABER",2,6,"T"
"SINCLAIRE",2,6,"S"
"SARGENT",2,6,"S"
"ROBSON",2,6,"R"
"ROBINSON",2,6,"R"
"PETRELLA",2,6,"P"
"PAPPAS",2,6,"P"
"MORRISON",2,6,"M"
"MISSBRENNER",2,6,"M"
"MILLIKIN",2,6,"M"
"MILLEA",2,6,"M"
"MCMAHON",2,6,"M"
"MANSFIELD",2,6,"M"
"MAGENNIS",2,6,"M"
"LYNCH",2,6,"L"
"LOVERIDGE",2,6,"L"
"LILLIE",2,6,"L"
"LIBOW",2,6,"L"
"LENOCI",2,6,"L"
"LANE",2,6,"L"
"LAMOTTE",2,6,"L"
"LAAMAN",2,6,"L"
"KNOTT",2,6,"K"
"KLEIBER",2,6,"K"
"KIRSHNER",2,6,"K"
"KIKUCHI",2,6,"K"
"KEEFE",2,6,"K"
"INGRAHAM",2,6,"I"
"HOYT",2,6,"H"
"HOLLAWAY",2,6,"H"
"HENNCH",2,6,"H"
"HEALY",2,6,"H"
"HAYDE",2,6,"H"
"GUTH",2,6,"G"
"GILL",2,6,"G"
"FULLER",2,6,"F"
"ENGLE",2,6,"E"
"DOBERSTEIN",2,6,"D"
"VANKO",2,6,"V"
"SCHULMAN",2,6,"S"
"MONIESON",2,6,"M"
"FORMICA",2,6,"F"
"LIVESEY",2,6,"L"
"THRELKELD",2,6,"T"
"GELSOMINI",2,6,"G"
"BLOOM",2,6,"B"
"GUSTAFSON",2,6,"G"
"MEAD",2,6,"M"
"HELMBOLDT",2,6,"H"
"GIANNASCA",2,6,"G"
"PICCOLINO",2,6,"P"
"LYONS",2,6,"L"
"HARTIGAN",2,6,"H"
"SUEHNHOLZ",2,6,"S"
"SPAK",2,6,"S"
"KONDRACKI",2,6,"K"
"TOOLE",2,6,"T"
"TORREY",2,6,"T"
"ROSMAN",2,6,"R"
"LEHMAN",2,6,"L"
"RICHTER",2,6,"R"
"KORFIN",2,6,"K"
"GOURDON",2,6,"G"
"DEMAGGIO",2,6,"D"
"ELWELL",2,6,"E"
"KANE",2,6,"K"
"SWEET",2,6,"S"
"WEINBERG",2,6,"W"
"COUGHLAN",2,6,"C"
"FORSSELL",2,6,"F"
"GLEIXNER",2,6,"G"
"MCCORMICK",2,6,"M"
"BUDA",2,6,"B"
"PARSONS",2,6,"P"
"ROESSLER",2,6,"R"
"BAILEY",2,6,"B"
"CUSHMAN",2,6,"C"
"ENGEL",2,6,"E"
"FAGAN",2,6,"F"
"FARRAR",2,6,"F"
"FEEKS",2,6,"F"
"FINN",2,6,"F"
"GOODMAN",2,6,"G"
"GOSS",2,6,"G"
"GUERRY",2,6,"G"
"HILGER",2,6,"H"
"IVES",2,6,"I"
"KANDEL",2,6,"K"
"LAMB",2,6,"L"
"LIVINGSTON",2,6,"L"
"NAJMY",2,6,"N"
"PARISH",2,6,"P"
"PAUGH",2,6,"P"
"REZNICK",2,6,"R"
"SACHS",2,6,"S"
"SAYLOR",2,6,"S"
"SCRANTON",2,6,"S"
"TEED",2,6,"T"
"TOPF",2,6,"T"
"WOHL",2,6,"W"
"SERIO",2,6,"S"
"NEWHOUSE",2,5,"N"
"CARAPEZZI",2,5,"C"
"COMBIAS",2,5,"C"
"VINCENT",2,5,"V"
"FILIPPI",2,5,"F"
"KIELTYKA",2,5,"K"
"AGRICOLA",2,5,"A"
"BAUTE",2,5,"B"
"BECK",2,5,"B"
"RITA",2,5,"R"
"ENGLISH",2,5,"E"
"LAURIE",2,5,"L"
"HEAGNEY",2,5,"H"
"DEBBIE",2,5,"D"
"GEOFFREY",2,5,"G"
"SHOREY",2,5,"S"
"DE",2,5,"D"
"DAWN",2,5,"D"
"ATWATER",2,5,"A"
"CASSIDY",2,5,"C"
"COTTER",2,5,"C"
"LICHTER",2,5,"L"
"MCGINNES",2,5,"M"
"WILBUR",2,5,"W"
"WIEDENMEYER",2,4,"W"
"DWIGHT",2,4,"D"
"MEYERS",2,4,"M"
"PAQUIN",2,4,"P"
"CELINE",2,4,"C"
"CHIMNEY",2,4,"C"
"ELAINE",2,4,"E"
"GOULD",2,4,"G"
"CONTE",2,4,"C"
"KRISTINA",2,4,"K"
"LINDBERGH",2,4,"L"
"LEVY",2,4,"L"
"GREGG",2,4,"G"
"TURNER",2,4,"T"
"VALLANDINGHAM",2,4,"V"
"CINDI",2,4,"C"
"GAY",2,4,"G"
"LYNWOOD",2,4,"L"
"DALEY",2,4,"D"
"JEANINE",2,4,"J"
"MAGGIE",2,4,"M"
"NEVINS",2,4,"N"
"ARIETTA",2,4,"A"
"SLADE",2,4,"S"
"FELDER",2,4,"F"
"MARISA",2,4,"M"
"IGNAZIO",2,4,"I"
"MANDEL",2,4,"M"
"ELLIE",2,4,"E"
"OFF",2,4,"O"
"BLAIR",2,4,"B"
"ARIEL",2,4,"A"
"CRYSTAL",2,4,"C"
"HERRAN",2,4,"H"
"DUNNE",2,4,"D"
"DUNHAM",2,4,"D"
"SIMONETTI",2,4,"S"
"ALYCE",2,4,"A"
"SCHALL",2,4,"S"
"ISRAEL",2,4,"I"
"JESSIE",2,4,"J"
"MADELENE",2,4,"M"
"ARMITAGE",2,4,"A"
"THORNTON",2,4,"T"
"DOROTHEA",2,4,"D"
"FELICE",2,4,"F"
"NAOMI",2,4,"N"
"SVEN",2,4,"S"
"GLORIA",2,4,"G"
"BRADLEY",2,4,"B"
"FAILES",2,4,"F"
"PARK",2,4,"P"
"MERYL",2,4,"M"
"KESSLER",2,4,"K"
"ORAN",2,4,"O"
"SHIRLEE",2,4,"S"
"JENNY",2,4,"J"
"HERD",2,4,"H"
"CHRISTIAN",2,4,"C"
"WHITTEN",2,4,"W"
"MEGAN",2,4,"M"
"MCCLELLAN",2,4,"M"
"GLENNA",2,4,"G"
"BRENDAN",2,4,"B"
"RHEBA",2,4,"R"
"MAWHINNEY",2,4,"M"
"EMILIA",2,4,"E"
"MARLEE",2,4,"M"
"LYDIA",2,4,"L"
"SONNY",2,4,"S"
"NICOLAS",2,4,"N"
"RICK",2,4,"R"
"ERRICHETTI",2,4,"E"
"LANDMAN",2,4,"L"
"DENGEL",2,4,"D"
"TOBIAS",2,4,"T"
"TIM",2,4,"T"
"PAULINE",2,4,"P"
"GARY",2,4,"G"
"TODD",2,4,"T"
"RAYMOND",2,4,"R"
"MAUDE",2,4,"M"
"WENDELL",2,4,"W"
"FRANCO",2,4,"F"
"NICKI",2,4,"N"
"BERNARD",2,4,"B"
"MERCEDES",2,4,"M"
"DANEVIC",2,4,"D"
"PEGGY",2,4,"P"
"PATTY",2,4,"P"
"JENKINS",2,4,"J"
"WINTERS",2,4,"W"
"MAYUMI",2,4,"M"
"MICHELINE",2,4,"M"
"GEORGIANNE",2,4,"G"
"PIERA",2,4,"P"
"HADLEY",2,4,"H"
"TRUETTNER",2,4,"T"
"LEAH",2,4,"L"
"VAILLANCOURT",2,4,"V"
"RUSSELL",2,4,"R"
"LUCINDA",2,4,"L"
"STANLEY",2,4,"S"
"STEFAN",2,4,"S"
"COLBY",2,4,"C"
"ROSEMARY",2,4,"R"
"MARIANNE",2,4,"M"
"SANG",2,4,"S"
"MARJA",2,4,"M"
"BARTON",2,4,"B"
"GIBBS",2,4,"G"
"MARYROSE",2,4,"M"
"MAGNOTTI",2,4,"M"
"ALYSON",2,4,"A"
"BECCA",2,4,"B"
"LAUREN",2,4,"L"
"VERONICA",2,4,"V"
"DAREN",2,4,"D"
"CURTIS",2,4,"C"
"APPLEBY",2,4,"A"
"WILL",2,4,"W"
"ILA",2,4,"I"
"MAGDALEN",2,4,"M"
"FRANCINE",2,4,"F"
"NICK",2,4,"N"
"SOPHIE",2,4,"S"
"SANDY",2,4,"S"
"KRONMAN",2,4,"K"
"BURT",2,4,"B"
"MELANIE",2,4,"M"
"PHOEBE",2,4,"P"
"EDMUND",2,4,"E"
"JACKSON",2,4,"J"
"MAGUIRE",2,4,"M"
"JULIUS",2,4,"J"
"CRAYNOCK",2,4,"C"
"DELPRETE",2,4,"D"
"BEBBY",2,4,"B"
"LYLE",2,4,"L"
"LAMPROS",2,4,"L"
"TEJA",2,4,"T"
"RAY",2,4,"R"
"LOWELL",2,4,"L"
"MARC",2,4,"M"
"NORM",2,4,"N"
"CLAUDIA",2,4,"C"
"KALB",2,4,"K"
"BELL",2,4,"B"
"RENATE",2,4,"R"
"NIGEL",2,4,"N"
"GRINDLEY",2,4,"G"
"ELEANOR",2,4,"E"
"JEROME",2,4,"J"
"GLENN",2,4,"G"
"ANNITA",2,4,"A"
"BROBERG",2,4,"B"
"REILLY",2,4,"R"
"SINGER",2,4,"S"
"DORRIE",2,4,"D"
"NAPOLEONE",2,4,"N"
"WALLEN",2,4,"W"
"KOSTANT",2,4,"K"
"STEINHOFF",2,4,"S"
"SHANNON",2,4,"S"
"CHANDLEY",2,4,"C"
"ELLIS",2,4,"E"
"BRENDA",2,4,"B"
"FOODIM",2,4,"F"
"FORBES",2,4,"F"
"DALE",2,4,"D"
"GALLISTEL",2,4,"G"
"GELMAN",2,4,"G"
"ROCHEL",2,4,"R"
"ALVIN",2,4,"A"
"STUART",2,4,"S"
"BRAD",2,4,"B"
"OPPENHEIMER",2,4,"O"
"HAIMSON",2,4,"H"
"LEONIE",2,4,"L"
"ROACH",2,4,"R"
"ONA",2,4,"O"
"DIEGO",2,4,"D"
"VISCEGLIA",2,4,"V"
"BENNET",2,4,"B"
"TOUBE",2,4,"T"
"BANKS",2,4,"B"
"LESTER",2,4,"L"
"VITA",2,4,"V"
"PYNE",2,4,"P"
"BERNHARDT",2,4,"B"
"CIPRIANI",2,4,"C"
"PLUMB",2,4,"P"
"JACOB",2,4,"J"
"BOSLAND",2,4,"B"
"THERESA",2,4,"T"
"VARGOSHE",2,4,"V"
"WRIGHT",2,4,"W"
"LANGDON",2,4,"L"
"HOWARD",2,4,"H"
"MAHON",2,4,"M"
"BIGGS",2,4,"B"
"KRUCZEK",2,4,"K"
"INC",2,4,"I"
"MARTE",2,4,"M"
"ALBERTSON",2,4,"A"
"ALBERT",2,4,"A"
"BENEDICT",2,4,"B"
"BLANSFIELD",2,4,"B"
"EVELYN",2,4,"E"
"CASEY",2,4,"C"
"CERTO",2,4,"C"
"COLE",2,4,"C"
"CUMBY",2,4,"C"
"HOROWITZXXX",2,4,"H"
"DEVLIN",2,4,"D"
"DICKINSON",2,4,"D"
"ENGLAND",2,4,"E"
"EPSTEIN",2,4,"E"
"TERI",2,4,"T"
"FONTAINE",2,4,"F"
"GOODRICH",2,4,"G"
"GROSS",2,4,"G"
"MILLARD",2,4,"M"
"HOLMES",2,4,"H"
"HOMANS",2,4,"H"
"GREGGXXX",2,4,"G"
"HURD",2,4,"H"
"KEENAN",2,4,"K"
"KRAMER",2,4,"K"
"MONICA",2,4,"M"
"GLENDA",2,4,"G"
"MACDOUGALL",2,4,"M"
"MARCOUX",2,4,"M"
"MCCLUSKEY",2,4,"M"
"NEWCOMB",2,4,"N"
"OTIS",2,4,"O"
"OWEN",2,4,"O"
"PINTO",2,4,"P"
"RUDDLE",2,4,"R"
"SHIPLEY",2,4,"S"
"STUBBS",2,4,"S"
"THOMPSON",2,4,"T"
"WEIR",2,4,"W"
"WHITLOCK",2,4,"W"
"YODER",2,4,"Y"
"KATHARINE",2,4,"K"
"LEDDY",2,4,"L"
"RETHORE",2,4,"R"
"MARYANN",2,4,"M"
"CHRYST",2,3,"C"
"HURLEY",2,3,"H"
"PIERRE",2,3,"P"
"FREDERICK",2,3,"F"
"ANDERSEN",2,3,"A"
"MARIA",2,3,"M"
"MOLLY",2,3,"M"
"RANDY",2,3,"R"
"BRICE",2,3,"B"
"SR",2,3,"S"
"WOLFE",2,3,"W"
"BLOCK",2,3,"B"
"ISLAND",2,3,"I"
"LOUIS",2,3,"L"
"CONWAY",2,3,"C"
"KAUFMAN",2,2,"K"
"GERALD",2,2,"G"
"GEOGHEGAN",2,2,"G"
"CANDICE",2,2,"C"
"LORRIE",2,2,"L"
"WEST",2,2,"W"
"JEREMIA",2,2,"J"
"DENGE",2,2,"D"
"MATT",2,2,"M"
"COOKIE",2,2,"C"
"MACMULLEN",2,2,"M"
"DEBRA",2,2,"D"
"ANASTOS",2,2,"A"
"SILVA",2,2,"S"
"DENISE",2,2,"D"
"VISCEGKA",2,2,"V"
"MD",2,2,"M"
"FURMICA",1,4,"F"
"KIRBY",1,4,"K"
"SUSPENSE",1,4,"S"
"WEINBERY",1,4,"W"
"KELLEY",1,4,"K"
"SERVIO",1,4,"S"
"VESCTGLIA",1,4,"V"
"MACNEIL",1,3,"M"
"SULLIVAN",1,3,"S"
"NEWELL",1,3,"N"
"LILLLY",1,3,"L"
"PERFIDO",1,3,"P"
"CAPUCIATI",1,3,"C"
"MCDONALD",1,3,"M"
"SOORIKIAN",1,3,"S"
"AUWARTER",1,3,"A"
"CYNTHIA",1,3,"C"
"DEIRDRE",1,3,"D"
"BUHN",1,3,"B"
"BENIN",1,3,"B"
"BLACK",1,3,"B"
"BYRNES",1,3,"B"
"BRANNON",1,3,"B"
"COFFIN",1,3,"C"
"CHERYL",1,3,"C"
"BUTLER",1,3,"B"
"DECESARE",1,3,"D"
"DRAPER",1,3,"D"
"DRIESMAN",1,3,"D"
"FOSTER",1,3,"F"
"FRESHMAN",1,3,"F"
"BLOOR",1,3,"B"
"LIISA",1,3,"L"
"HOLM",1,3,"H"
"HOWARTH",1,3,"H"
"KORTEN",1,3,"K"
"ALFONSO",1,3,"A"
"LUBRANO",1,3,"L"
"LARKIN",1,3,"L"
"LINCOLN",1,3,"L"
"LIPSCOMB",1,3,"L"
"JOSHUA",1,3,"J"
"MALDONADO",1,3,"M"
"MCLAUGHLIN",1,3,"M"
"MARQUES",1,3,"M"
"MULLANE",1,3,"M"
"MENSCHING",1,3,"M"
"MCCAFFERY",1,3,"M"
"NOLAN",1,3,"N"
"PODKOWSKY",1,3,"P"
"MARIAN",1,3,"M"
"RYPKEMA",1,3,"R"
"SIMKINS",1,3,"S"
"CLYDE",1,3,"C"
"SHENKLER",1,3,"S"
"KARAN",1,3,"K"
"TUSCHICK",1,3,"T"
"HILLARY",1,3,"H"
"TRANSUE",1,3,"T"
"JOSE",1,3,"J"
"VON",1,3,"V"
"BERNUTH",1,3,"B"
"GLEN",1,3,"G"
"ALEXANDER",1,3,"A"
"BRITT",1,3,"B"
"BAIR",1,3,"B"
"BALDWIN",1,3,"B"
"PAULA",1,3,"P"
"BARR",1,3,"B"
"STEWART",1,3,"S"
"BRUNHOUSE",1,3,"B"
"MARJORIE",1,3,"M"
"DAVIDSON",1,3,"D"
"MCQUEENY",1,3,"M"
"DAKIN",1,3,"D"
"EMSBO",1,3,"E"
"ARLEN",1,3,"A"
"MCDANIEL",1,3,"M"
"MERRITT",1,3,"M"
"WIEDENMAYER",1,2,"W"
"LYN",1,2,"L"
"HAMLIN",1,2,"H"
"BEERY",1,2,"B"
"CECELIA",1,2,"C"
"APPELBY",1,2,"A"
"CAJA",1,2,"C"
"CARY",1,2,"C"
"DONELLY",1,2,"D"
"KRUSEWKI",1,2,"K"
"MUSSER",1,2,"M"
"EVERETT",1,2,"E"
"MONTY",1,2,"M"
"LASE",1,2,"L"
"ANATOS",1,2,"A"
"DEB",1,2,"D"
"ALLISON",1,2,"A"
"MACMULLAN",1,2,"M"
"ELLLIS",1,2,"E"
"FOUNDATION",1,2,"F"
"SILVIA",1,2,"S"
"GAETAN",1,2,"G"
"MUSKY",1,2,"M"
"JEREMIAH",1,2,"J"
"THE",1,2,"T"
"POND",1,2,"P"
"INDENTURE",1,2,"I"
"ACOSTA",1,2,"A"
"JAYME",1,2,"J"
"HENNESSY",1,2,"H"
"MILES",1,2,"M"
"BREMSER",1,2,"B"
"MEAGHAN",1,2,"M"
"BARRETT",1,2,"B"
"ANDY",1,2,"A"
"SCHNEIDER",1,2,"S"
"ELLIOT",1,2,"E"
"TAUBMAN",1,2,"T"
"DUNLEAVY",1,2,"D"
"FELDMAN",1,2,"F"
"RADIGAN",1,2,"R"
"EZZO",1,2,"E"
"TANGNEY",1,2,"T"
"NEAL",1,2,"N"
"AMANDA",1,2,"A"
"CROUCH",1,2,"C"
"NICOLE",1,2,"N"
"BOLAND",1,2,"B"
"TRTEE",1,2,"T"
"KENT",1,2,"K"
"NOT",1,2,"N"
"PHOTOGRAPHED",1,2,"P"
"MONIKA",1,2,"M"
"JEFF",1,2,"J"
"GOLDWYN",1,2,"G"
"FRASER",1,2,"F"
"CASTELLANOS",1,2,"C"
"NOAH",1,2,"N"
"VIVIAN",1,2,"V"
"DONIS",1,2,"D"
"ELSPETH",1,2,"E"
"CRAWFORD",1,2,"C"
"BALLES",1,2,"B"
"TOWNSEND",1,2,"T"
"CARLY",1,2,"C"
"FAILTE",1,2,"F"
"MACOMB",1,2,"M"
"RYDER",1,2,"R"
"HORAN",1,2,"H"
"LEO",1,2,"L"
"ORSI",1,2,"O"
"SEIDER",1,2,"S"
"SEA",1,2,"S"
"BREEZE",1,2,"B"
"PARTNERS",1,2,"P"
"UNKNOWND",1,2,"U"
"UNKNOWNC",1,2,"U"
"ABRAMS",1,2,"A"
"LULA",1,2,"L"
"ALLEN",1,2,"A"
"NONAME",1,2,"N"
"JERRY",1,2,"J"
"ANGELBECK",1,2,"A"
"DARCY",1,2,"D"
"RAVI",1,2,"R"
"BANERJEE",1,2,"B"
"BARKER",1,2,"B"
"BEEK",1,2,"B"
"BELLUSCHI",1,2,"B"
"BENNIN",1,2,"B"
"BERMAN",1,2,"B"
"BLACKBURN",1,2,"B"
"BLUBERRY",1,2,"B"
"DORIS",1,2,"D"
"BOAS",1,2,"B"
"BOLTON",1,2,"B"
"SYLVIA",1,2,"S"
"BOYD",1,2,"B"
"BREAKSTONE",1,2,"B"
"BRENTON",1,2,"B"
"BRIDGE",1,2,"B"
"BRIGGS",1,2,"B"
"CORANNA",1,2,"C"
"BROKAW",1,2,"B"
"VASHTI",1,2,"V"
"TONI",1,2,"T"
"CAMPBELL",1,2,"C"
"CAPPELLI",1,2,"C"
"DOLORES",1,2,"D"
"CENTER",1,2,"C"
"RUSS",1,2,"R"
"CHENG",1,2,"C"
"CHRISTINI",1,2,"C"
"CLASSICAL",1,2,"C"
"MUSIC",1,2,"M"
"CLEAVER",1,2,"C"
"COOK",1,2,"C"
"CARIONA",1,2,"C"
"CORWIN",1,2,"C"
"COTTLE",1,2,"C"
"COXE",1,2,"C"
"DAIBER",1,2,"D"
"DAVIDXXX",1,2,"D"
"JEANETTE",1,2,"J"
"DESANTIS",1,2,"D"
"DEMPSEY",1,2,"D"
"DEVOS",1,2,"D"
"DIXON",1,2,"D"
"DODGE",1,2,"D"
"DOOLITTLE",1,2,"D"
"DRISCOLL",1,2,"D"
"DUGAN",1,2,"D"
"DURKIN",1,2,"D"
"ELDH",1,2,"E"
"EMMANUELLE",1,2,"E"
"FALLON",1,2,"F"
"FANNING",1,2,"F"
"WERNER",1,2,"W"
"FEIBES",1,2,"F"
"FERGUSON",1,2,"F"
"ALICE",1,2,"A"
"FERRARO",1,2,"F"
"JARED",1,2,"J"
"FITCH",1,2,"F"
"KIMBERLEY",1,2,"K"
"GAFFETT",1,2,"G"
"GALLAGHER",1,2,"G"
"GELNAW",1,2,"G"
"HERMANN",1,2,"H"
"GEMPP",1,2,"G"
"SHIRLYNE",1,2,"S"
"GOBERN",1,2,"G"
"WHITENEY",1,2,"W"
"GOETZ",1,2,"G"
"MAT",1,2,"M"
"GOLDSMITH",1,2,"G"
"ISAAC",1,2,"I"
"GORAYEB",1,2,"G"
"GORTON",1,2,"G"
"ZENITH",1,2,"Z"
"WHIT",1,2,"W"
"HARMON",1,2,"H"
"HERMAN",1,2,"H"
"HASSINGER",1,2,"H"
"HELTERLINE",1,2,"H"
"HENSON",1,2,"H"
"HERRANEN",1,2,"H"
"HEYDON",1,2,"H"
"LTD",1,2,"L"
"HILLSIDE",1,2,"H"
"HOMAN",1,2,"H"
"KATY",1,2,"K"
"HOROWEITZXXX",1,2,"H"
"HOUSE",1,2,"H"
"GARDEN",1,2,"G"
"SHOW",1,2,"S"
"HUGGINS",1,2,"H"
"HUTCHINS",1,2,"H"
"HYDE",1,2,"H"
"ICE",1,2,"I"
"PLACE",1,2,"P"
"MARGERY",1,2,"M"
"IZARD",1,2,"I"
"JACKE",1,2,"J"
"JENNINGS",1,2,"J"
"EUGENIA",1,2,"E"
"CAROLE",1,2,"C"
"KALBA",1,2,"K"
"UNKNOWNB",1,2,"U"
"KROLL",1,2,"K"
"KUHAR",1,2,"K"
"LANGSDORF",1,2,"L"
"CONNIE",1,2,"C"
"LARUE",1,2,"L"
"LAW",1,2,"L"
"LAWLESS",1,2,"L"
"LEMOINE",1,2,"L"
"MIMI",1,2,"M"
"LEVEILLE",1,2,"L"
"KATHERINEXXX",1,2,"K"
"LEWISXXX",1,2,"L"
"LIACOURAS",1,2,"L"
"JONAH",1,2,"J"
"ARLENXXX",1,2,"A"
"LICHTERXXX",1,2,"L"
"LITTLER",1,2,"L"
"LOUTTIT",1,2,"L"
"LUCK",1,2,"L"
"LUDDY",1,2,"L"
"MANSION",1,2,"M"
"MASIELLO",1,2,"M"
"SHERRI",1,2,"S"
"MAXMAN",1,2,"M"
"KAYLAN",1,2,"K"
"MCALEER",1,2,"M"
"MCCABE",1,2,"M"
"CHAD",1,2,"C"
"JOHNXXX",1,2,"J"
"MCDANIELXXX",1,2,"M"
"MCDEVITT",1,2,"M"
"MCGARTY",1,2,"M"
"MCKEIUGH",1,2,"M"
"KAY",1,2,"K"
"MARKETING",1,2,"M"
"MEDICAL",1,2,"M"
"CATHLEEN",1,2,"C"
"MEDWICK",1,2,"M"
"MEEKER",1,2,"M"
"EDITH",1,2,"E"
"MEHIEL",1,2,"M"
"MELLIZZO",1,2,"M"
"MONTGOMERY",1,2,"M"
"MOYNIER",1,2,"M"
"MURRAY",1,2,"M"
"MUSANTE",1,2,"M"
"NIXON",1,2,"N"
"NORTHUP",1,2,"N"
"NOVATT",1,2,"N"
"MILTON",1,2,"M"
"OKIN",1,2,"O"
"OSAR",1,2,"O"
"OSHEA",1,2,"O"
"PATRICIAN",1,2,"P"
"PETERS",1,2,"P"
"PETRICK",1,2,"P"
"PETRIK",1,2,"P"
"PFLUG",1,2,"P"
"NED",1,2,"N"
"EDMUNDXXXX",1,2,"E"
"PICCOLINOXXXX",1,2,"P"
"PROUT",1,2,"P"
"EUGENE",1,2,"E"
"RANKIN",1,2,"R"
"RAPHAEL",1,2,"R"
"REDER",1,2,"R"
"REIMER",1,2,"R"
"RHAME",1,2,"R"
"AUGUSTA",1,2,"A"
"RIORDAN",1,2,"R"
"HENNY",1,2,"H"
"JENS",1,2,"J"
"RITTER",1,2,"R"
"STEPHAN",1,2,"S"
"ROHN",1,2,"R"
"JOHANNA",1,2,"J"
"LUCILE",1,2,"L"
"ROSSI",1,2,"R"
"ROWAN",1,2,"R"
"RUDOLPH",1,2,"R"
"SANCHEZ",1,2,"S"
"JAIME",1,2,"J"
"SANTAMARIA",1,2,"S"
"SCHALLER",1,2,"S"
"SCHMITT",1,2,"S"
"SCHUTTE",1,2,"S"
"SEARS",1,2,"S"
"JOEL",1,2,"J"
"SISTO",1,2,"S"
"SNIFFEN",1,2,"S"
"SPINNIER",1,2,"S"
"STARR",1,2,"S"
"STEINBERG",1,2,"S"
"SWAN",1,2,"S"
"TAUCK",1,2,"T"
"THEUNER",1,2,"T"
"DEROY",1,2,"D"
"TIERNEY",1,2,"T"
"PHIL",1,2,"P"
"TRAHANAS",1,2,"T"
"TSOKRIS",1,2,"T"
"TURNIP",1,2,"T"
"LLP",1,2,"L"
"REW",1,2,"R"
"VASCOTTO",1,2,"V"
"VISEGLIA",1,2,"V"
"VOLANTE",1,2,"V"
"LORENZO",1,2,"L"
"VOSCOTTO",1,2,"V"
"ROB",1,2,"R"
"WAGENSEIL",1,2,"W"
"TARA",1,2,"T"
"WALL",1,2,"W"
"WAMPLER",1,2,"W"
"WARD",1,2,"W"
"WILEIKIS",1,2,"W"
"WOLF",1,2,"W"
"WORRALL",1,2,"W"
"JEN",1,2,"J"
"YEH",1,2,"Y"
"ELFRIEDE",1,2,"E"
"PEARL",1,2,"P"
"ZEITZ",1,2,"Z"
"ZIMMERMAN",1,2,"Z"
"AMATO",1,2,"A"
"ARGENTO",1,2,"A"
"AJOOTIAN",1,2,"A"
"JUDY",1,2,"J"
"AUBER",1,2,"A"
"JAHNEL",1,2,"J"
"BRODY",1,2,"B"
"FAYE",1,2,"F"
"DORA",1,2,"D"
"BURAK",1,2,"B"
"BARCLAY",1,2,"B"
"BUSH",1,2,"B"
"BOYEA",1,2,"B"
"BRUSH",1,2,"B"
"MAXON",1,2,"M"
"BALMFORTH",1,2,"B"
"BOGDANFFY",1,2,"B"
"BROWNSTEIN",1,2,"B"
"CAMARDELLA",1,2,"C"
"CORBETT",1,2,"C"
"CYR",1,2,"C"
"CONNOLLY",1,2,"C"
"SOCHA",1,2,"S"
"COHEN",1,2,"C"
"CURRAN",1,2,"C"
"CARUSO",1,2,"C"
"COLONNELLI",1,2,"C"
"DOAN",1,2,"D"
"TERENCE",1,2,"T"
"DEMATTEO",1,2,"D"
"DUALE",1,2,"D"
"URSULA",1,2,"U"
"LUCA",1,2,"L"
"ERNST",1,2,"E"
"LORETTA",1,2,"L"
"FARON",1,2,"F"
"FARGES",1,2,"F"
"FLYNN",1,2,"F"
"FAST",1,2,"F"
"TERRI",1,2,"T"
"GRUEN",1,2,"G"
"GROSSMAN",1,2,"G"
"GALLACHER",1,2,"G"
"GOERSCH",1,2,"G"
"HENAULT",1,2,"H"
"HANTMAN",1,2,"H"
"ALEXIS",1,2,"A"
"HAZARD",1,2,"H"
"ALICIA",1,2,"A"
"HAMMARSKJOLD",1,2,"H"
"HIRSCH",1,2,"H"
"HOOD",1,2,"H"
"HOLLAND",1,2,"H"
"HOOPER",1,2,"H"
"HAGEDORN",1,2,"H"
"HEEKIN",1,2,"H"
"HRIBEK",1,2,"H"
"JANTZEN",1,2,"J"
"KILEY",1,2,"K"
"KAMIL",1,2,"K"
"KILLIP",1,2,"K"
"KARLEWICZ",1,2,"K"
"JAKE",1,2,"J"
"KRUGER",1,2,"K"
"KATZ",1,2,"K"
"LYDGATE",1,2,"L"
"LACERTE",1,2,"L"
"LUTZ",1,2,"L"
"KINOY",1,2,"K"
"LEFCOURT",1,2,"L"
"ARTHUR",1,2,"A"
"LOEWENTHAL",1,2,"L"
"BJORN",1,2,"B"
"LIENCRES",1,2,"L"
"LA",1,2,"L"
"VALLE",1,2,"V"
"TOBEE",1,2,"T"
"MARON",1,2,"M"
"MILSTEIN",1,2,"M"
"JOSEPHINE",1,2,"J"
"MERCK",1,2,"M"
"MILLICENT",1,2,"M"
"HIGHET",1,2,"H"
"MATHEKE",1,2,"M"
"BRENDON",1,2,"B"
"MOORE",1,2,"M"
"MCGRAN",1,2,"M"
"MCALOON",1,2,"M"
"ADRIAN",1,2,"A"
"MAXWELL",1,2,"M"
"MAILLOUX",1,2,"M"
"HAYER",1,2,"H"
"THEVE",1,2,"T"
"MIGLIACCIO",1,2,"M"
"PENN",1,2,"P"
"COLLEEN",1,2,"C"
"PALMER",1,2,"P"
"REV",1,2,"R"
"PROTANO",1,2,"P"
"JULIANNE",1,2,"J"
"PHELPS",1,2,"P"
"PINZI",1,2,"P"
"QUINN",1,2,"Q"
"QUINSEE",1,2,"Q"
"REDDINGTON",1,2,"R"
"ROOSA",1,2,"R"
"RUSSINOFF",1,2,"R"
"RENWICK",1,2,"R"
"TWEEDY",1,2,"T"
"TARYN",1,2,"T"
"READY",1,2,"R"
"ROUNTREE",1,2,"R"
"SALINAS",1,2,"S"
"SEEBECK",1,2,"S"
"SHERIDAN",1,2,"S"
"SMOTRICH",1,2,"S"
"SIGMAN",1,2,"S"
"SPALLONE",1,2,"S"
"SIMONELLI",1,2,"S"
"STRATTON",1,2,"S"
"DEVEREUX",1,2,"D"
"SOCAS",1,2,"S"
"THADDEUS",1,2,"T"
"ASARO",1,2,"A"
"TICKNER",1,2,"T"
"TERRY",1,2,"T"
"THORNBERRY",1,2,"T"
"OLIN",1,2,"O"
"KRIS",1,2,"K"
"TOOMEY",1,2,"T"
"TOMEI",1,2,"T"
"TAVILLA",1,2,"T"
"TUNNEY",1,2,"T"
"URICH",1,2,"U"
"VEST",1,2,"V"
"VIGEANT",1,2,"V"
"CHRISTINA",1,2,"C"
"WILEIKAS",1,2,"W"
"HEATHER",1,2,"H"
"WESSNER",1,2,"W"
"SUZIE",1,2,"S"
"WEISSMAN",1,2,"W"
"ZIEGLER",1,2,"Z"
"ZIOMEK",1,2,"Z"
"ELIOT",1,2,"E"
"NERENBERG",1,2,"N"
"WESOLY",1,1,"W"
"LEONARD",1,1,"L"
"MEYER",1,1,"M"
"LEVIN",1,1,"L"
"PRESTON",1,1,"P"
"GEOFF",1,1,"G"
"VIRGINIA",1,1,"V"
"MADYN",1,1,"M"
"GWYNNE",1,1,"G"
"JACLYN",1,1,"J"
"MARGUERITE",1,1,"M"
"SHELLY",1,1,"S"
"LIZ",1,1,"L"
"KRUSEWSKI",1,1,"K"
"TEITELBAUM",1,1,"T"
"ESME",1,1,"E"
"ANITA",1,1,"A"
"MEGHAN",1,1,"M"
"ADELE",1,1,"A"
"ANNA",1,1,"A"
"ZIELINSKI",1,1,"Z"
"BRYAN",1,1,"B"
"JAEGER",1,1,"J"
"HOLLY",1,1,"H"
"EVAN",1,1,"E"
"ALEC",1,1,"A"
"DICK",1,1,"D"
"LASA",1,1,"L"
"SHEILA",1,1,"S"
"GUNN",1,1,"G"
"II",1,1,"I"
"HARRIET",1,1,"H"
"KAE",1,1,"K"
"JORGEN",1,1,"J"
"CARI",1,1,"C"
"AUDREY",1,1,"A"
"TED",1,1,"T"
"SANDS",1,1,"S"
"REALTY",1,1,"R"
"REAL",1,1,"R"
"ESTATE",1,1,"E"
"MODYC",1,1,"M"
"LIVING",1,1,"L"
"ROAD",1,1,"R"
"CREAM",1,1,"C"
"RD",1,1,"R"
"PROPERTY",1,1,"P"
"ALEXISCOTE",1,1,"A"
"FARM",1,1,"F"
"WHITE",1,1,"W"
"TRIPLER",1,1,"T"
